id,claim,status,evidence,date,note
C1,"65 of 65 reference cases agree: Catala 1.2.0 against expectations written from the text",measured,"arxo-catala-parity/results/catala-parity.json",2026-09-22,"re-obtained from the public artifact; pilot 2026-09-09 identical"
C2,"65 of 65 reference cases agree: Arxo Rust engine on the rendered suites (48 + 17)",measured,"arxo-catala-parity/results/arxo-parity.json; reproduction.md",2026-09-22,"program semanticHash c197794a8cb3c768… (arxo-parity.json); engine binary sha256 2c0be529… (reproduction.md and arxo-parity.json engine field)"
C3,"Rendered parity suites are byte-identical to the committed ones",measured,"parity.py --check",2026-09-22,""
C4,"240 of 240 random cases agree with the independent Python oracle: Catala",measured,"results/property-seed1.json, property-seed2.json",2026-09-22,"seeds 1 and 2, 120 each"
C5,"240 of 240 random cases agree with the independent Python oracle: Arxo",measured,"results/property-seed1.json, property-seed2.json",2026-09-22,""
C6,"20 of 20 targeted mutations of the Arxo model are caught by its 169 scenarios",measured,"results/mutants.json",2026-09-22,"0 survived, 0 rejected by the compiler"
C7,"Both Arxo evaluators produce byte-identical evaluation documents on the 65 cases",pilot,"corpus/laws/kz/regulators/vred-ts/tools/catala/REPORT.md §3",2026-09-09,"not reproducible from the public artifact (Python evaluator private)"
C8,"One call: ~16 µs Catala interpreter, ~0.4 ms Arxo Rust engine, ~2.5 ms Arxo Python evaluator; starts ~40 ms / ~10 ms / ~0.3 s",pilot,"REPORT.md §4a",2026-09-09,"Apple Silicon, macOS 24.6, warm runs; method in the paper; retracted 3.4 ms figure not used"
C9,"Rust engine base-cost profile: string comparison, map lookups, allocation dominate; solver < 1 %",pilot,"REPORT.md §4a profile",2026-09-09,""
C10,"Four divergences qualified: two test-expectation defects, one specification gap (open), one language-semantics difference; no evaluator defect",pilot,"REPORT.md §4",2026-09-09,""
C11,"Lean checker: 21 modules, 91 theorems and lemmas, 0 sorry, toolchain 4.33.0; ambiguity preservation is a theorem",mechanized,"engines/checker/README.md; LawCore/Defeasible.lean (ambiguity_preserved)",2026-09-22,"counted 2026-09-19, re-counted 2026-09-22"
C12,"Checker's first corpus run found a dangling-reference defect shared by both evaluators (E-0019)",pilot,"engines/checker/README.md",2026-09-09,""
C13,"Corpus construct counts: power 189, immunity 54, priority 321, interpretation 127, presumption 127, fiction 16 files",counted,"docs/reference/overview/CATALA-COMPARISON.ru.md",2026-09-09,""
C14,"Catala: prioritized default calculus; conflict of two applicable exceptions is a run-time error; F* mechanization of default calculus → λ-calculus with exceptions (type preservation, simulation); backends OCaml, Python, C, Java",cited,"merigoux2021catala; Catala book (compilation and deployment)",2026-09-22,""
C15,"Catala releases 1.2.0 (2026-06-02) and 1.2.1 (2026-07-06)",cited,"github.com/CatalaLang/catala/releases",2026-09-22,""
C16,"Catala deployments: DGFiP PoC 2023–2024; CNAF experiment 2024–2025 then adoption as reference technology; convention 2026-06-08; ASP PoC 2026; first Scientific Interdisciplinarity Award 2026",cited,"apollo.inria.fr/projets/catala; CNAF press release; Université Paris-Saclay news",2026-09-22,""
C17,"Arxo package kz.corpus.vred_ts: 67 rules, 169 scenarios in three families, coverage matrix 45 rows: 40 executable / 3 boundary / 2 descriptive",counted,"law.toml; tests/**/*.lawtest; analysis/coverage-matrix.json; COVERAGE-MATRIX.md",2026-09-22,"the pilot report of 09.09 counted 157 scenarios and a 39/1/3/2 split; the matrix regenerated 22.09 has 45 rows with three statuses"
C18,"Money comparison restricted to whole tenge; divergence on subunits pinned by scenario urn:query:vred-t15-j",measured,"catala/README.md in the artifact; package tests",2026-09-22,""
C19,"Alternative disjunctive Catala encoding (one exception, no exclusivity guard) agrees on 65/65 reference cases and 240/240 random cases",measured,"arxo-catala-parity/catala/vred_ts-alt-disjunction.catala_en; results-alt/*.json",2026-09-22,"answers the external review's finding 5: the guard is a property of the source-granular encoding, not of the language"
C20,"The Arxo renderer of the adapter round-trips: 65/65 reference and 240/240 random rendered scenarios decode back to their case fields",measured,"parity.py --roundtrip; PRED_TO_FIELD mapping in parity.py",2026-09-22,"decoder by the same author; the Catala side of the adapter is the identity"
C21,"Systematic operator-based mutations: 420 mutants, 133 killed, 97 survived, 190 rejected statically (188 range restriction, 1 unused local term, 1 not over non-atom); survivors classified into five classes (9 binding, 58 document elements, 20 co-asserted premises, 6 untested paths, 4 equivalent)",measured,"arxo-catala-parity/results/mutants-systematic.json; mutants_systematic.py",2026-09-22,"operators CMP, DROP, NEG, CONST, UNIT, UNLESS; release engine binary (hash in the JSON)"
C22,"E-0019 (dangling premise ids in aggregate-query documents) found by the checker 26.08.2026, fixed in both implementations 27.08.2026, exception list removed; graph closure checked on every vector without Lean",pilot,"verify/ci/gates/proofs/check_proof_certificates.py (header); engines/checker/README.md",2026-09-22,"corrects revision 2, which described the exception list as still in place"
C23,"Lean development: commit ef7913cfc1 (19.09.2026), toolchain v4.33.0; cert_sound depends on no axiom; certOKB_sound and decideSafe_sound on propext and Quot.sound; safety lemmas add Classical.choice; no sorryAx",mechanized,"engines/checker/README.md (axiomatic base); git log -- engines/checker",2026-09-22,"the development is private; stated so a reader with access can check"
C24,"Pinned text: document V1600013460 of adilet.zan.kz, Russian, archived 2025-09-07, retrieved 2026-08-31, materialization status pinned unofficial copy; Kazakh version not pinned",counted,"corpus/laws/kz/regulators/vred-ts/sources.law; package law.toml",2026-09-22,""
C25,"No Catala run of the 305 executions raised a conflict error; no compared output was BOTH",measured,"results/catala-parity.json (errors none); property logs",2026-09-22,"the fourth row of the correspondence table is not exercised"
C26,"Certification: all 219 evaluation documents of the 65 reference cases accepted by the Lean checker; 646 leaves, 77 rule applications, 14 query nodes, 110 safety checks proved; 175 defeasible certificates; 359 nodes admitted (arithmetic, negation as failure, defeasible candidates); 175 outside the fragment",measured,"arxo-catala-parity/results/certify.json; certify.py",2026-09-22,"checker binary sha256 8f917228…, commit ef7913cfc1, toolchain v4.33.0; money arithmetic admitted, not proved"
C27,"Core mutation matrix: 97 compiled mutants of the 26 cone rules (56 rejected); caught by 65 reference 76, 240 random 59, 104 authored 70, all 169 78, scenarios+random 84; 4 equivalent; 9 structural survivors of every corpus",measured,"arxo-catala-parity/results/mutants-core.json; mutants_core.py",2026-09-22,"random cases rendered per mutant and judged by the oracle expectations"
C28,"Arxo core-executable profile prints as standalone code in sixteen languages and an Excel workbook without the engine; the vred_ts package is outside the profile",counted,"engines/backends/targets/ (16 language targets + xlsx); consumer.py refusal for kz.corpus.vred_ts (anchor declaration outside the generator profile)",2026-09-22,"DECISION-0188; refusal observed 22.09.2026"
C29,"No Catala conflict error in 610 executions (65 reference + 240 random, two encodings); a conflict is not an output and has no image under the correspondence",counted,"arxo-catala-parity/results/catala-parity.json, property-seed1.json, property-seed2.json, results-alt/",2026-09-22,"revision 5: conflict removed from the mapping after the third review"
C30,"Reference case S17 asserts both grounds of clause 3 at once (receipt date after the period and negation of provision): a contradictory input",counted,"arxo-catala-parity/cases.json S17; tests/parity/parity-sroki.lawtest S17-a1, S17-a3",2026-09-22,"revision 5 reframes §6.2 as behaviour under contradictory input"
